{"name":"f034f48a-7431-49f3-8407-d78a81d47316","id":"/providers/Microsoft.Flow/flows/f034f48a-7431-49f3-8407-d78a81d47316","type":"Microsoft.Flow/flows","properties":{"apiId":"/providers/Microsoft.PowerApps/apis/shared_logicflows","displayName":"Monitor Email for Important Contacts","definition":{"metadata":{"workflowEntityId":null,"processAdvisorMetadata":null,"flowChargedByPaygo":null,"flowclientsuspensionreason":"None","flowclientsuspensiontime":null,"flowclientsuspensionreasondetails":null,"creator":{"id":"ac16fd79-5876-4375-9ba7-78c1b5fc8609","type":"User","tenantId":"8ba8a05b-361f-4fc5-911f-5688f02c3436"},"provisioningMethod":"FromDefinition","failureAlertSubscription":true,"clientLastModifiedTime":"2024-06-28T17:40:28.2503099Z","connectionKeySavedTimeKey":"2024-06-28T17:40:05.3217776Z"},"$schema":"https://schema.management.azure.com/providers/Microsoft.Logic/schemas/2016-06-01/workflowdefinition.json#","contentVersion":"1.0.0.0","parameters":{"$authentication":{"defaultValue":{},"type":"SecureObject"},"$connections":{"defaultValue":{},"type":"Object"}},"triggers":{"When_a_new_email_arrives_(V3)":{"splitOn":"@triggerOutputs()?['body/value']","type":"OpenApiConnectionNotification","inputs":{"host":{"apiId":"/providers/Microsoft.PowerApps/apis/shared_office365","connectionName":"shared_office365","operationId":"OnNewEmailV3"},"authentication":"@parameters('$authentication')"},"description":"This action, called the trigger, will fire up this Flow each time an email arrives in your mailbox. This allows you to monitor a mailbox for incoming email and automate actions."}},"actions":{"ComposeFrom":{"runAfter":{},"type":"Compose","inputs":"@triggerOutputs()?['body/from']","description":"Compose is a simple action which allows you to create a piece of data to use later. Here, we take the From address from the incoming email and save it for later. While this may seem unnecessary, it prevents issues if you replace the Flow trigger later."},"ComposeDomain":{"runAfter":{"ComposeFrom":["Succeeded"]},"type":"Compose","inputs":"@toLower(split(outputs('ComposeFrom'),'@')[1])","description":"In this compose, we need to figure out where the email came from, specifically the domain, to identify the entity of the sender. This entity will allow us to take action later. We use a function to split the From address into parts to extract the domain."},"Switch":{"runAfter":{"Initialize_varClient":["Succeeded"]},"cases":{"companyone.com":{"case":"companyone.com","actions":{"Set_Client_to_One":{"type":"SetVariable","inputs":{"name":"varClient","value":"Client One"}}}},"companytwo.com":{"case":"companytwo.com","actions":{"Set_Client_to_Two":{"type":"SetVariable","inputs":{"name":"varClient","value":"Client Two"}}}},"companythree.com":{"case":"companythree.com","actions":{"Set_Client_to_Three":{"type":"SetVariable","inputs":{"name":"varClient","value":"Client Three"}}}}},"default":{"actions":{"Set_varNotify_false":{"type":"SetVariable","inputs":{"name":"varNotify","value":false},"description":"This may look weird. Why set notify to False if there is NO match? Because if we do it the other way around, we have to add a duplicate action to EVERY Switch branch to set it to True, which is inefficient."}}},"expression":"@outputs('ComposeDomain')","type":"Switch","description":"A switch action is a simple branch action which allows us to do different things given a value. Our value we test is the Output of ComposeDomain which is the domain name of the From address."},"Initialize_varNotify":{"runAfter":{"ComposeDomain":["Succeeded"]},"type":"InitializeVariable","inputs":{"variables":[{"name":"varNotify","type":"boolean","value":true}]},"description":"Initialize Variable action. This variable will be used to trigger the forward action. If this is set to true, we know that we need to action the incoming email. If not, we can safely ignore it. We default this to true to minimize Switch actions."},"Condition":{"actions":{"Send_an_email_(V2)":{"runAfter":{"ComposeBodyPreamble":["Succeeded"]},"type":"OpenApiConnection","inputs":{"parameters":{"emailMessage/To":"management@example.com","emailMessage/Subject":"[Alert] Email from @{variables('varClient')} - @{triggerOutputs()?['body/subject']}","emailMessage/Body":"<p>@{outputs('ComposeBodyPreamble')}</p><p>@{triggerOutputs()?['body/body']}</p>","emailMessage/Importance":"High"},"host":{"apiId":"/providers/Microsoft.PowerApps/apis/shared_office365","connectionName":"shared_office365","operationId":"SendEmailV2"},"authentication":"@parameters('$authentication')"},"description":"And finally, here we notify our Management team if a high-priority email has arrived in our inbox. Review the email information below to see how the email is composed. It uses variables, Compose outputs, and action fields to tell the story."},"ComposeBodyPreamble":{"type":"Compose","inputs":"<p><i>\nThis message just arrived in your <strong>cholslin@shwatech.com</strong> mailbox.\n<br/><br/>From: @{triggerOutputs()?['body/from']}\n<br/>To: @{triggerOutputs()?['body/toRecipients']}\n<br/>CC: @{if(empty(triggerOutputs()?['body/ccRecipients']),'(none)',triggerOutputs()?['body/ccRecipients'])}\n<br/><br/>The original email body as follows:\n</i></p>\n<hr/>","description":"In this Compose we are writing a notice in HTML that will be included in our email body on the notification. This will help the receiver understand where this is coming from when it gets sent out in the next step."}},"runAfter":{"Switch":["Succeeded"]},"else":{"actions":{}},"expression":{"and":[{"equals":["@variables('varNotify')",true]}]},"type":"If","description":"Here we test to see if the From address matches one of our high-profile Clients by checking varNotify which was set in the Switch action previously. If so, we notify our team."},"Initialize_varClient":{"runAfter":{"Initialize_varNotify":["Succeeded"]},"type":"InitializeVariable","inputs":{"variables":[{"name":"varClient","type":"string","value":"(none)"}]},"description":"Initialize variable action. This variable will store the human-readable Client name from the domain we fetched from the From address. We will set it in our Switch later to identify the sender and action priority."}},"outputs":{}},"connectionReferences":{"shared_office365":{"connectionName":"shared-office365-4ab4fe1a-06d5-4a11-af48-2a7953d7157c","source":"Embedded","id":"/providers/Microsoft.PowerApps/apis/shared_office365","tier":"NotSpecified"}},"flowFailureAlertSubscribed":false,"isManaged":false}}